model,F1,ROC AUC,precision,recall,accuracy,batch_size,weight_decay,learning_rate,num_epochs,class_weight
primary_research,0.9504949329055585,0.887171992324046,0.9424635636434932,0.9595526496722867,0.9109352384256058,16,0.0,1e-05,4,-1
outcome_quantitative,0.8867290404534723,0.8486785581865347,0.8623781676413255,0.9135427602318722,0.8339359051200819,16,0.0,5e-05,4,"{0: 1, 1: 0.40332640332640335}"
outcome_effectiveness,0.7362421963621365,0.7595319126304559,0.7205414481314154,0.7645960079261515,0.7111833570811222,32,0.0,5e-05,2,"{0: 1, 1: 0.875}"
upscaling,0.6227487145519933,0.8235335609351432,0.6098680679153601,0.6517246642246642,0.8058080139456969,16,0.0,1e-05,4,"{0: 1, 1: 2.9940828402366866}"
ecosystem_binary,0.8785172732541153,0.9867739855989314,0.8658188973481923,0.8947368421052632,0.9570794244619059,16,0.0,5e-05,4,-1
