"","cp_id","oro_type","component","variable_name","2.5%","25%","50%","75%","97.5%"
"1","x_cp[1]","CCS","deployment","Storage capacity (Mt)",2011.15619122439,2012.43353161374,2013.86664761123,2017.62242078271,2022.55929878379
"2","x_cp[2]","CDR-OAE","deployment","Field trial/startup company (N)",2013.43495788432,2017.3002552402,2021.00814075972,2022.45794449116,2022.90434872031
"3","x_cp[2]","Efficiency","deployment","Shipping carbon efficiency (tkm/gCO2)",2010.33331415216,2011.14845946063,2011.53391521125,2011.92198678788,2012.85859006774
"4","x_cp[2]","MRE-Ocean","deployment","Electricity Installed Capacity (MW)",2012.66400215254,2012.83152721174,2012.92542960005,2013.03970344266,2013.22968767793
