"","Estimate","Std. Error","z value","Pr(>|z|)","component","t value","Pr(>|t|)","family"
"1",1.61501357646954e-05,1.99668375381647e-06,8.08847957711176,6.04141145676421e-16,"Policy",NA,NA,"poisson()"
"2",4.87051954769857e-05,1.95563542369154e-06,24.9050487053706,6.55982916459938e-137,"Legislation",NA,NA,"poisson()"
"3",-2.08973252539809e-09,5.35898870409808e-09,NA,NA,"Interest",-0.389949044639718,0.71004080728034,"Gamma()"
"4",-2.07182363583375e-11,3.00978656498281e-11,NA,NA,"Interest + Like",-0.688362311114769,0.516941138702352,"Gamma()"
"5",-7.13782045167849e-10,5.53362172335266e-10,NA,NA,"Support",-1.2899003236083,0.244568153953773,"Gamma()"
"6",2.83109052359847e-05,2.78727625878674e-07,101.571938363612,0,"Support agreement",NA,NA,"binomial()"
"7",1.01017357310767e-05,1.85147678302427e-07,54.5604234614065,0,"Support (proportion)",NA,NA,"binomial()"
